<?xml version="1.0" encoding="UTF-8"?>
<beans xmlns="http://www.springframework.org/schema/beans"
  xmlns:xsi="http://www.w3.org/2001/XMLSchema-instance"
  xmlns:p="http://www.springframework.org/schema/p"
  xmlns:context="http://www.springframework.org/schema/context"
  xmlns:aop="http://www.springframework.org/schema/aop"
  xmlns:tx="http://www.springframework.org/schema/tx"
  xmlns:util="http://www.springframework.org/schema/util"
  xsi:schemaLocation="http://www.springframework.org/schema/beans
    http://www.springframework.org/schema/beans/spring-beans-3.2.xsd
    http://www.springframework.org/schema/context
    http://www.springframework.org/schema/context/spring-context-3.2.xsd
    http://www.springframework.org/schema/tx
    http://www.springframework.org/schema/tx/spring-tx-3.2.xsd
    http://www.springframework.org/schema/aop
    http://www.springframework.org/schema/aop/spring-aop-3.2.xsd
    http://www.springframework.org/schema/util
    http://www.springframework.org/schema/util/spring-util-3.2.xsd">
 
    <bean id="db3" class="com.alibaba.druid.pool.DruidDataSource" init-method="init"
    destroy-method="close" >
    <property name="driverClassName">
      <value>${share_driverClassName}</value>
    </property>
    <property name="url">
      <value>${share_url3}</value>
    </property>
    <property name="username">
      <value>${share_username}</value>
    </property>
    <property name="password">
      <value>${share_password}</value>
    </property>
    <!-- 连接池最大使用连接数 -->
    <property name="maxActive">
      <value>${share_maxActive}</value>
    </property>
    <!-- 初始化连接大小 -->
    <property name="initialSize">
      <value>${share_initialSize}</value>
    </property>
    <!-- 获取连接最大等待时间 -->
    <property name="maxWait">
      <value>${share_maxWait}</value>
    </property>
    <!-- 自动清除无用连接 -->
    <property name="removeAbandoned">
      <value>true</value>
    </property>
    <!-- 清除无用连接的等待时间 -->
    <property name="removeAbandonedTimeout">
      <value>${share_removeAbandonedTimeout}</value>
    </property>
    <!-- 连接属性 -->
    <property name="connectionProperties">
      <value>clientEncoding=UTF-8</value>
    </property>
  </bean>
     
    <!-- mybatis文件配置，扫描所有mapper文件 -->
      <bean id="db3sqlSessionFactory"
          class="org.mybatis.spring.SqlSessionFactoryBean"
          p:dataSource-ref="db3"/>
           <!-- configLocation为mybatis属性 mapperLocations为所有mapper-->
        
   <!-- 对数据源进行事务管理 -->
  <bean id="db3transactionManager"
        class="org.springframework.jdbc.datasource.DataSourceTransactionManager"
        p:dataSource-ref="db3"/>
</beans>