<?xml version="1.0" encoding="UTF-8"?>
<beans xmlns="http://www.springframework.org/schema/beans"
	xmlns:xsi="http://www.w3.org/2001/XMLSchema-instance" xmlns:aop="http://www.springframework.org/schema/aop"
	xmlns:tx="http://www.springframework.org/schema/tx" xmlns:context="http://www.springframework.org/schema/context"
	xmlns:util="http://www.springframework.org/schema/util"
	xsi:schemaLocation="
    http://www.springframework.org/schema/beans http://www.springframework.org/schema/beans/spring-beans-3.2.xsd
    http://www.springframework.org/schema/aop http://www.springframework.org/schema/aop/spring-aop-3.2.xsd
    http://www.springframework.org/schema/tx http://www.springframework.org/schema/tx/spring-tx-3.2.xsd
    http://www.springframework.org/schema/context http://www.springframework.org/schema/context/spring-context-3.2.xsd
        http://www.springframework.org/schema/util http://www.springframework.org/schema/util/spring-util-3.2.xsd">


	<import resource="db0-mybatis.xml"/>
	<import resource="db1-mybatis.xml"/>
	<import resource="db2-mybatis.xml"/>
	<import resource="db3-mybatis.xml"/>
	<import resource="db4-mybatis.xml"/>
	<import resource="db5-mybatis.xml"/>
	<import resource="db6-mybatis.xml"/>
	<import resource="db7-mybatis.xml"/>
	<import resource="spring-config-db-sharding.xml"/>

</beans>