<?xml version="1.0" encoding="UTF-8"?>
<beans xmlns="http://www.springframework.org/schema/beans"
  xmlns:xsi="http://www.w3.org/2001/XMLSchema-instance"
  xmlns:p="http://www.springframework.org/schema/p"
  xmlns:context="http://www.springframework.org/schema/context"
  xmlns:aop="http://www.springframework.org/schema/aop"
  xmlns:tx="http://www.springframework.org/schema/tx"
  xmlns:util="http://www.springframework.org/schema/util"
  xsi:schemaLocation="http://www.springframework.org/schema/beans
    http://www.springframework.org/schema/beans/spring-beans-3.2.xsd
    http://www.springframework.org/schema/context
    http://www.springframework.org/schema/context/spring-context-3.2.xsd
    http://www.springframework.org/schema/tx
    http://www.springframework.org/schema/tx/spring-tx-3.2.xsd
    http://www.springframework.org/schema/aop
    http://www.springframework.org/schema/aop/spring-aop-3.2.xsd
    http://www.springframework.org/schema/util
    http://www.springframework.org/schema/util/spring-util-3.2.xsd">         
     <!-- 商家库 -->
	<bean id="share_atomik_db5" class="com.atomikos.jdbc.AtomikosDataSourceBean"
		init-method="init" destroy-method="close">
		<property name="uniqueResourceName" value="uniquename_db5" />
		<property name="xaDataSourceClassName"
			value="com.mysql.jdbc.jdbc2.optional.MysqlXADataSource" />
		<property name="xaProperties">
			<props>
				<prop key="user">${share_username}</prop>
				<prop key="password">${share_password}</prop>
				<prop key="url">${share_url5}</prop>
			</props>
		</property>
		<!-- 初始连接池连接数大小 -->
		<property name="poolSize" value="${share_initialSize}" />
		<!-- 最大可建连接池的连接数大小 -->
		<property name="maxPoolSize" value="${share_maxActive}" />
		<!-- 最小剩余连接数 -->
		<property name="minPoolSize" value="${share_minIdle}" />
		<!-- 最大可等待获取数据源的时间 -->
		<property name="loginTimeout" value="${share_loginTimeout}" />
		<!-- 超过的空闲连接将被释放,如果设置为负数表示不限制  -->
		<property name="maxIdleTime" value="${share_maxIdleTime}" />
		<property name="testQuery">
			<value>SELECT 1</value>
		</property>
	</bean>	
  	
    <bean id="share_atomikos_db5sqlSessionFactory" class="org.mybatis.spring.SqlSessionFactoryBean">
        <property name="dataSource" ref="share_atomik_db5"/>
        <property name="configurationProperties">
            <props>
                <prop key="cacheEnabled">true</prop>
                <!-- 查询时，关闭关联对象即时加载以提高性能 -->
                <prop key="lazyLoadingEnabled">true</prop>
                <!-- 设置关联对象加载的形态，此处为按需加载字段(加载字段由SQL指              定)，不会加载关联表的所有字段，以提高性能 -->
                <prop key="aggressiveLazyLoading">false</prop>
                <!-- 对于未知的SQL查询，允许返回不同的结果集以达到通用的效果 -->
                <prop key="multipleResultSetsEnabled">true</prop>
                <!-- 允许使用列标签代替列名 -->
                <prop key="useColumnLabel">true</prop>
                <!-- 允许使用自定义的主键值(比如由程序生成的UUID 32位编码作为键值)，数据表的PK生成策略将被覆盖 -->
                <prop key="useGeneratedKeys">true</prop>
                <!-- 给予被嵌套的resultMap以字段-属性的映射支持 -->
                <prop key="autoMappingBehavior">FULL</prop>
                <!-- 对于批量更新操作缓存SQL以提高性能  -->
                <prop key="defaultExecutorType">BATCH</prop>
                <!-- 数据库超过25000秒仍未响应则超时 -->
                <prop key="defaultStatementTimeout">25000</prop>
            </props>
        </property>
    </bean>
</beans>