<?xml version="1.0" encoding="UTF-8"?>
<application generated-by="eclipse" xmlns:xsi="http://www.w3.org/2001/XMLSchema-instance" xmlns="http://www.zeroturnaround.com" xsi:schemaLocation="http://www.zeroturnaround.com http://update.zeroturnaround.com/jrebel/rebel-2_1.xsd">

	<classpath>
		<dir name="K:/workspace/webtest/target/classes">
		</dir>
	</classpath>

	<web>
		<link target="/">
			<dir name="K:/workspace/webtest/target/m2e-wtp/web-resources">
				<exclude name="/"/>
			</dir>
		</link>
		<link target="/">
			<dir name="K:/workspace/webtest/src/main/webapp">
			</dir>
		</link>
	</web>

</application>
