<?xml version="1.0" encoding="UTF-8"?>
<beans xmlns="http://www.springframework.org/schema/beans"
	xmlns:xsi="http://www.w3.org/2001/XMLSchema-instance" xmlns:aop="http://www.springframework.org/schema/aop"
	xmlns:tx="http://www.springframework.org/schema/tx" xmlns:context="http://www.springframework.org/schema/context"
	xmlns:util="http://www.springframework.org/schema/util"
	xsi:schemaLocation="
    http://www.springframework.org/schema/beans http://www.springframework.org/schema/beans/spring-beans-3.2.xsd
    http://www.springframework.org/schema/aop http://www.springframework.org/schema/aop/spring-aop-3.2.xsd
    http://www.springframework.org/schema/tx http://www.springframework.org/schema/tx/spring-tx-3.2.xsd
    http://www.springframework.org/schema/context http://www.springframework.org/schema/context/spring-context-3.2.xsd
        http://www.springframework.org/schema/util http://www.springframework.org/schema/util/spring-util-3.2.xsd">


	<import resource="classpath:spring/share/db0-mybatis.xml"/>
	<import resource="classpath:spring/share/db1-mybatis.xml"/>
	<import resource="classpath:spring/share/db2-mybatis.xml"/>
	<import resource="classpath:spring/share/db3-mybatis.xml"/>
	<import resource="classpath:spring/share/db4-mybatis.xml"/>
	<import resource="classpath:spring/share/db5-mybatis.xml"/>
	<import resource="classpath:spring/share/db6-mybatis.xml"/>
	<import resource="classpath:spring/share/db7-mybatis.xml"/>
	
	<import resource="classpath:spring/atomikshare/db0-mybatis.xml"/>
	<import resource="classpath:spring/atomikshare/db1-mybatis.xml"/>
	<import resource="classpath:spring/atomikshare/db2-mybatis.xml"/>
	<import resource="classpath:spring/atomikshare/db3-mybatis.xml"/>
	<import resource="classpath:spring/atomikshare/db4-mybatis.xml"/>
	<import resource="classpath:spring/atomikshare/db5-mybatis.xml"/>
	<import resource="classpath:spring/atomikshare/db6-mybatis.xml"/>
	<import resource="classpath:spring/atomikshare/db7-mybatis.xml"/>
	
	
	
	
	<import resource="spring-config-db-sharding.xml"/>

</beans>